{"cameraMode":{"drawMode":0,"name":"Shaded","section":"Shading Mode"},"sceneLighting":true,"audioPlay":false,"sceneViewState":{"showFog":false,"showMaterialUpdate":false,"showSkybox":false,"showFlares":false,"showImageEffects":false,"showParticleSystems":true},"in2DMode":false,"pivot":{"x":473.17950439453127,"y":162.35682678222657,"z":-14.0396728515625},"rotation":{"x":0.043408043682575229,"y":-0.05990729108452797,"z":0.002607612172141671,"w":0.9972564578056336},"size":841.8799438476563,"orthographic":true}